{
	"format_version": "1.8.0",
	"animations": {
		"animation.model.spin": {
			"loop": true,
			"animation_length": 1.25,
			"bones": {
				"bone": {
					"rotation": {
						"0.0": {
							"vector": [3.90604, 25.29472, 49.27258]
						},
						"0.2083": {
							"vector": [338.9567, 12.03367, 367.73951]
						},
						"0.4583": {
							"vector": [325.61202, 374.6498, 374.81538]
						},
						"0.75": {
							"vector": [116.31146, 385.50546, 117.75157]
						},
						"1.0833": {
							"vector": [45.93148, 19.90349, 19.37626]
						},
						"1.25": {
							"vector": [21.06916, 21.99737, 81.98414]
						}
					},
					"position": {
						"0.0": {
							"vector": [1.5, -2, -4.25]
						},
						"0.2083": {
							"vector": [4, -2, -2]
						},
						"0.375": {
							"vector": [0, -2, 0]
						},
						"0.5417": {
							"vector": [-0.5, -2, -1]
						},
						"0.7083": {
							"vector": [-1, -2, -2]
						},
						"0.875": {
							"vector": [0, -2, -4]
						},
						"1.0833": {
							"vector": [0, -2, -4]
						}
					}
				}
			}
		}
	},
	"geckolib_format_version": 2
}